"type","name","used"
"css","#0","True"
"css","#1","True"
"css","#936982","True"
"css","#936983","True"
"css","#936984","True"
"css","#936985","True"
"css","#936986","True"
"css","#936987","True"
"css","#936988","True"
"css","#936989","True"
"css","#936990","True"
"css","#936991","True"
"css","#936992","True"
"css","#936993","True"
"css","#936994","True"
"css","#936995","True"
"css","#936996","True"
"css","#936997","True"
"css","#936998","True"
"css","#936999","True"
"css","#937000","True"
"css","#937001","True"
"css","#937002","True"
"css","#937003","True"
"css","#937004","True"
"css","#937005","True"
"css","#937006","True"
"css","#937007","True"
"css","#937008","True"
"css","#937009","True"
"css","#937010","True"
"css","#937011","True"
"css","#937012","True"
"css","#937013","True"
"css","#937014","True"
"css","#937015","True"
"css","#937016","True"
"css","#937017","True"
"css","#937018","True"
"css","#937019","True"
"css","#937020","True"
"css","#937021","True"
"css","#937022","True"
"css","#937023","True"
"css","#937024","True"
"css","#937025","True"
"css","#937026","True"
"css","#937027","True"
"css","#937028","True"
"css","#937029","True"
"css","#937030","True"
"css","#937031","True"
"css","#937032","True"
"css","#937033","True"
"css","#937034","True"
"css","#937035","True"
"css","#937036","True"
"css","#937037","True"
"css","#937038","True"
"css","#937039","True"
"css","#937040","True"
"css","#937041","True"
"css","#937042","True"
"css","#937043","True"
"css","#937044","True"
"css","#937045","True"
"css","#937046","True"
"css","#937047","True"
"css","#937048","True"
"css","#937049","True"
"css","#937050","True"
"css","#937051","True"
"css","#937052","True"
"css","#937053","True"
"css","#937054","True"
"css","#937055","True"
"css","#937056","True"
"css","#937057","True"
"css","#937058","True"
"css","#937059","True"
"css","#937060","True"
"css","#937061","True"
"css","#937062","True"
"css","#937063","True"
"css","#937064","True"
"css","#937065","True"
"css","#937066","True"
"css","#937067","True"
"css","#937068","True"
"css","#937069","True"
"css","#937070","True"
"css","#937071","True"
"css","#937072","True"
"css","#937073","True"
"css","#937074","True"
"css","#937075","True"
"css","#937076","True"
"css","#937077","True"
"css","#937078","True"
"css","#937079","True"
"css","#937080","True"
"css","#937081","True"
"css","#937082","True"
"css","#937083","True"
"css","#937084","True"
"css","#937085","True"
"css","#937086","True"
"css","#937087","True"
"css","#937088","True"
"css","#937089","True"
"css","#937090","True"
"css","#937091","True"
"css","#937092","True"
"css","#937093","True"
"css","#937094","True"
"css","#937095","True"
"css","#937096","True"
"css","#937097","True"
"css","#937098","True"
"css","#937099","True"
"css","#937100","True"
"css","#937101","True"
"css","#937102","True"
"css","#937103","True"
"css","#937104","True"
"css","#937105","True"
"css","#937106","True"
"css","#937107","True"
"css","#937108","True"
"css","#937109","True"
"css","#937110","True"
"css","#937111","True"
"css","#937112","True"
"css","#937113","True"
"css","#937114","True"
"css","#937115","True"
"css","#937116","True"
"css","#937117","True"
"css","#937118","True"
"css","#937119","True"
"css","#937120","True"
"css","#937121","True"
"css","#937122","True"
"css","#937123","True"
"css","#937124","True"
"css","#937125","True"
"css","#937126","True"
"css","#937127","True"
"css","#937128","True"
"css","#937129","True"
"css","#937130","True"
"css","#937131","True"
"css","#937132","True"
"css","#937133","True"
"css","#937134","True"
"css","#937135","True"
"css","#937136","True"
"css","#937137","True"
"css","#937138","True"
"css","#937139","True"
"css","#937140","True"
"css","#937141","True"
"css","#937142","True"
"css","#937143","True"
"css","#937144","True"
"css","#937145","True"
"css","#937146","True"
"css","#937147","True"
"css","#937148","True"
"css","#937149","True"
"css","#937150","True"
"css","#937151","True"
"css","#937152","True"
"css","#937153","True"
"css","#937154","True"
"css","#937155","True"
"css","#937156","True"
"css","#937157","True"
"css","#937158","True"
"css","#937159","True"
"css","#937160","True"
"css","#937161","True"
"css","#937162","True"
"css","#937163","True"
"css","#937164","True"
"css","#937165","True"
"css","#937166","True"
"css","#937167","True"
"css","#937168","True"
"css","#937169","True"
"css","#937170","True"
"css","#937171","True"
"css","#937172","True"
"css","#937173","True"
"css","#937174","True"
"css","#937175","True"
"css","#937176","True"
"css","#937177","True"
"css","#937178","True"
"css","#937179","True"
"css","#937180","True"
"css","#937181","True"
"css","#937182","True"
"css","#937183","True"
"css","#937184","True"
"css","#937185","True"
"css","#937186","True"
"css","#937187","True"
"css","#937188","True"
"css","#937189","True"
"css","#937190","True"
"css","#937191","True"
"css","#937192","True"
"css","#937193","True"
"css","#937194","True"
"css","#937195","True"
"css","#937196","True"
"css","#937197","True"
"css","#937198","True"
"css","#937199","True"
"css","#937200","True"
"css","#937201","True"
"css","#937202","True"
"css","#937203","True"
"css","#937204","True"
"css","#937205","True"
"css","#937206","True"
"css","#937207","True"
"css","#937208","True"
"css","#937209","True"
"css","#937210","True"
"css","#937211","True"
"css","#937212","True"
"css","#937213","True"
"css","#937214","True"
"css","#937215","True"
"css","#937216","True"
"css","#937217","True"
"css","#937218","True"
"css","#937219","True"
"css","#937220","True"
"css","#937221","True"
"css","#937222","True"
"css","#937223","True"
"css","#937224","True"
"css","#937225","True"
"css","#937226","True"
"css","#937227","True"
"css","#937228","True"
"css","#937229","True"
"css","#937230","True"
"css","#937231","True"
"css","#937232","True"
"css","#937233","True"
"css","#937234","True"
"css","#937235","True"
"css","#937236","True"
"css","#937237","True"
"css","#937238","True"
"css","#937239","True"
"css","#937240","True"
"css","#937241","True"
"css","#937242","True"
"css","#937243","True"
"css","#937244","True"
"css","#937245","True"
"css","#937246","True"
"css","#937247","True"
"css","#937248","True"
"css","#937249","True"
"css","#937250","True"
"css","#937251","True"
"css","#937252","True"
"css","#937253","True"
"css","#937254","True"
"css","#937255","True"
"css","#937256","True"
"css","#937257","True"
"css","#937258","True"
"css","#937259","True"
"css","#937260","True"
"css","#937261","True"
"css","#937262","True"
"css","#937263","True"
"css","#937264","True"
"css","#937265","True"
"css","#937266","True"
"css","#937267","True"
"css","#937268","True"
"css","#937269","True"
"css","#937270","True"
"css","#937271","True"
"css","#937272","True"
"css","#937571","True"
"css","#937572","True"
"css","#937573","True"
"css","#937574","True"
"css","#937575","True"
"css","#937576","True"
"css","#937577","True"
"css","#937578","True"
"css","#937579","True"
"css","#937580","True"
"css","#937581","True"
"css","#address-details","True"
"css","#Amonth","True"
"css","#Ayear","True"
"css","#badge","True"
"css","#basic-addon1","True"
"css","#basic-addon2","True"
"css","#blockPopup","True"
"css","#bm","True"
"css","#contact-us","True"
"css","#cursorSel","True"
"css","#discussion-modal","True"
"css","#discussion-templates","True"
"css","#edit-comment-template","True"
"css","#etemail","True"
"css","#etpass","True"
"css","#fallback-link","True"
"css","#fontSel","True"
"css","#grid","True"
"css","#info-details","True"
"css","#login-modal","True"
"css","#loginModalLabel","True"
"css","#login-required-comment-modal","True"
"css","#logo-sticky","True"
"css","#modal-btn-no","True"
"css","#modal-btn-no-2","True"
"css","#modal-btn-yes","True"
"css","#modal-keyword-search","True"
"css","#modal-keyword-search-form","True"
"css","#monthSpan","True"
"css","#most-voted-answer-badge-template","True"
"css","#myLargeModalLabel","True"
"css","#notes","True"
"css","#paid-access-modal","True"
"css","#readyBtn","True"
"css","#readyText","True"
"css","#report-comment-modal","True"
"css","#rs-footer","True"
"css","#rs-header","True"
"css","#savedInfo","True"
"css","#scrollUp","True"
"css","#sec1","True"
"css","#sec2","True"
"css","#sec3","True"
"css","#studyBox","True"
"css","#switch_style","True"
"css","#tabs","True"
"css","#themeSel","True"
"css","#timer","True"
"css","#voting-comment-tooltip","True"
"css","#vwoCode","True"
"css","#yearSpan","True"
"css",".about-widget","True"
"css",".account-menu","True"
"css",".active","True"
"css",".alert","True"
"css",".alert-link","True"
"css",".alert-success","True"
"css",".align-center","True"
"css",".answer-description","True"
"css",".apply-btn","True"
"css",".audio","True"
"css",".backgroundsize","True"
"css",".badge","True"
"css",".badge-light","True"
"css",".badge-pill","True"
"css",".badge-success","True"
"css",".bg3","True"
"css",".bg-info","True"
"css",".bg-light","True"
"css",".bg-primary","True"
"css",".bg-success","True"
"css",".bg-theme-blue","True"
"css",".bg-warning","True"
"css",".black","True"
"css",".blacked","True"
"css",".blockPop__btn","True"
"css",".blockPopup__alert","True"
"css",".blockPopup__header","True"
"css",".blockPopup__headers","True"
"css",".blockPopup__separator","True"
"css",".blockPopup__text","True"
"css",".blockPopup__timer","True"
"css",".blue","True"
"css",".borderimage","True"
"css",".borderradius","True"
"css",".box","True"
"css",".boxshadow","True"
"css",".btn","True"
"css",".btn-default","True"
"css",".btn-lg","True"
"css",".btn-primary","True"
"css",".btn-secondary","True"
"css",".btn-sm","True"
"css",".btn-success","True"
"css",".btn-warning","True"
"css",".canvas","True"
"css",".canvastext","True"
"css",".card","True"
"css",".card-body","True"
"css",".card-header","True"
"css",".card-text","True"
"css",".centered","True"
"css",".clearfix","True"
"css",".close","True"
"css",".col-12","True"
"css",".col-lg-10","True"
"css",".col-lg-3","True"
"css",".col-lg-4","True"
"css",".col-lg-5","True"
"css",".col-lg-6","True"
"css",".col-lg-7","True"
"css",".col-md-12","True"
"css",".col-md-6","True"
"css",".col-sm-12","True"
"css",".col-sm-4","True"
"css",".col-sm-6","True"
"css",".col-sm-8","True"
"css",".comment-edit","True"
"css",".comment-edit-cancel","True"
"css",".comment-edit-save","True"
"css",".comment-report-modal-username","True"
"css",".contact-desc","True"
"css",".contact-inner","True"
"css",".contact-title","True"
"css",".container","True"
"css",".contrib__block","True"
"css",".contrib__immed","True"
"css",".contrib__item","True"
"css",".contrib__item-content","True"
"css",".contrib__item-footer","True"
"css",".contrib__item-header","True"
"css",".contrib__item-image","True"
"css",".contrib__item-wrapper","True"
"css",".contrib__pdf","True"
"css",".contrib__popular","True"
"css",".controls","True"
"css",".copyright","True"
"css",".correct-answer","True"
"css",".correct-answer-box","True"
"css",".correct-choice","True"
"css",".correct-hidden","True"
"css",".csrf-value","True"
"css",".cssanimations","True"
"css",".csscolumns","True"
"css",".cssgradients","True"
"css",".csstransforms","True"
"css",".csstransforms3d","True"
"css",".csstransitions","True"
"css",".current_page_item","True"
"css",".current-menu-item","True"
"css",".d-inline-block","True"
"css",".discussion-body","True"
"css",".discussion-ellipsis","True"
"css",".discussion-loading-title","True"
"css",".discussion-real-title","True"
"css",".display-none","True"
"css",".d-md-none","True"
"css",".d-none","True"
"css",".d-print-none","True"
"css",".draganddrop","True"
"css",".examQa","True"
"css",".examQa__date","True"
"css",".examQa__footer","True"
"css",".examQa__footer-info","True"
"css",".examQa__footer-info-item","True"
"css",".examQa__links","True"
"css",".exam-question-card","True"
"css",".exam-view-header","True"
"css",".fa","True"
"css",".fa-angle-down","True"
"css",".fa-angle-right","True"
"css",".fa-angle-up","True"
"css",".fa-arrow-left","True"
"css",".fa-arrow-right","True"
"css",".fa-bank","True"
"css",".fa-bars","True"
"css",".fa-certificate","True"
"css",".fa-close","True"
"css",".fa-cog","True"
"css",".fa-comment","True"
"css",".fade","True"
"css",".fa-envelope","True"
"css",".fa-envelope-o","True"
"css",".fa-facebook","True"
"css",".fa-gear","True"
"css",".fa-google-plus","True"
"css",".fa-key","True"
"css",".fa-pinterest","True"
"css",".fa-reddit","True"
"css",".fa-refresh","True"
"css",".fa-search","True"
"css",".fa-spin","True"
"css",".fa-times","True"
"css",".fa-twitter","True"
"css",".fa-user","True"
"css",".fa-users","True"
"css",".fa-youtube","True"
"css",".flaticon-email","True"
"css",".flexbox","True"
"css",".flexCon","True"
"css",".fontface","True"
"css",".font-italic","True"
"css",".footer-bottom","True"
"css",".footer-cert","True"
"css",".footer-cert__info","True"
"css",".footer-cert__wrapper","True"
"css",".footer-contact-desc","True"
"css",".footer-share","True"
"css",".footer-title","True"
"css",".footer-top","True"
"css",".form-control","True"
"css",".form-group","True"
"css",".full-discussion-loading-spinner","True"
"css",".full-width-header","True"
"css",".generatedcontent","True"
"css",".geolocation","True"
"css",".glyph-icon","True"
"css",".grid","True"
"css",".hashchange","True"
"css",".header","True"
"css",".header-contact","True"
"css",".hidden-desktop","True"
"css",".hidden-mobile","True"
"css",".hidden-xs","True"
"css",".hide-solution","True"
"css",".history","True"
"css",".home","True"
"css",".home2","True"
"css",".hours","True"
"css",".hsla","True"
"css",".hypen-separator","True"
"css",".indexeddb","True"
"css",".info-text","True"
"css",".inlinesvg","True"
"css",".input-group","True"
"css",".input-group-lg","True"
"css",".input-group-prepend","True"
"css",".input-group-text","True"
"css",".is-logged-in","True"
"css",".item","True"
"css",".js","True"
"css",".justify-center","True"
"css",".lead","True"
"css",".localstorage","True"
"css",".login-button","True"
"css",".login-footer","True"
"css",".login-wrapper","True"
"css",".logo-area","True"
"css",".main-menu","True"
"css",".margin-remove","True"
"css",".mark","True"
"css",".marked","True"
"css",".mb-1","True"
"css",".mb-3","True"
"css",".mb-30","True"
"css",".mega-menu","True"
"css",".mega-menu-container","True"
"css",".mega-menu-innner","True"
"css",".mega-rs","True"
"css",".menu-area","True"
"css",".menu-sticky","True"
"css",".minutes","True"
"css",".ml-1","True"
"css",".ml-2","True"
"css",".modal","True"
"css",".modal-body","True"
"css",".modal-content","True"
"css",".modal-dialog","True"
"css",".modal-dialog-centered","True"
"css",".modal-footer","True"
"css",".modal-header","True"
"css",".modal-lg","True"
"css",".modal-sm","True"
"css",".modal-title","True"
"css",".most-voted-answer-badge","True"
"css",".moto","True"
"css",".mr-1","True"
"css",".mr-2","True"
"css",".mt-15","True"
"css",".mt-30","True"
"css",".multi-choice-item","True"
"css",".multi-choice-letter","True"
"css",".multiplebgs","True"
"css",".nav__new","True"
"css",".nav-menu","True"
"css",".nextBtn","True"
"css",".nextBtn__content","True"
"css",".no-applicationcache","True"
"css",".no-cssreflections","True"
"css",".note","True"
"css",".no-touch","True"
"css",".no-websqldatabase","True"
"css",".offset-lg-1","True"
"css",".offset-lg-3","True"
"css",".offset-sm-2","True"
"css",".opacity","True"
"css",".original-comment","True"
"css",".page-navigation-bar","True"
"css",".pagePagging","True"
"css",".pagePagging__left","True"
"css",".pagePagging__nav","True"
"css",".pagePagging__right","True"
"css",".pagePagging__scale","True"
"css",".pagePagging__scale-fill","True"
"css",".paid-access-modal-open","True"
"css",".panel","True"
"css",".password-text","True"
"css",".pb-2","True"
"css",".pdf-form-control","True"
"css",".popup","True"
"css",".popup__content","True"
"css",".popup__content2","True"
"css",".popup__text","True"
"css",".popup__wrapper","True"
"css",".post-category","True"
"css",".post-date","True"
"css",".post-desc","True"
"css",".post-item","True"
"css",".postmessage","True"
"css",".post-title","True"
"css",".print-link","True"
"css",".progress","True"
"css",".progress-bar","True"
"css",".pt-2","True"
"css",".pull-right","True"
"css",".question-answer","True"
"css",".question-body","True"
"css",".question-choices-container","True"
"css",".question-discussion-button","True"
"css",".questions-container","True"
"css",".question-title-topic","True"
"css",".range","True"
"css",".ready","True"
"css",".recent-post-widget","True"
"css",".reveal-solution","True"
"css",".rgba","True"
"css",".row","True"
"css",".rs-footer","True"
"css",".rs-header","True"
"css",".rs-header-top","True"
"css",".rs-mega-menu","True"
"css",".rs-menu","True"
"css",".rs-menu-close","True"
"css",".rs-menu-parent","True"
"css",".rs-menu-toggle","True"
"css",".rs-search","True"
"css",".rs-toolbar","True"
"css",".rs-toolbar-left","True"
"css",".rs-toolbar-right","True"
"css",".rs-vertical-middle","True"
"css",".search-block","True"
"css",".search-modal","True"
"css",".seconds","True"
"css",".sec-spacer","True"
"css",".separator","True"
"css",".sessionstorage","True"
"css",".single-magemenu","True"
"css",".sitemap-widget","True"
"css",".small","True"
"css",".smil","True"
"css",".social-media-contact-link","True"
"css",".spacer","True"
"css",".status-ready","True"
"css",".sticky","True"
"css",".sub-menu","True"
"css",".sub-menu-close","True"
"css",".subtitle","True"
"css",".svg","True"
"css",".svgclippaths","True"
"css",".t","True"
"css",".tabs","True"
"css",".tag","True"
"css",".text-center","True"
"css",".text-left","True"
"css",".text-right","True"
"css",".textshadow","True"
"css",".text-white","True"
"css",".time__wrapper","True"
"css",".time__wrapper-item","True"
"css",".time__wrapper-square","True"
"css",".timer","True"
"css",".title","True"
"css",".toolbar-share-icon","True"
"css",".topic-card","True"
"css",".unlockFeatures__contributor","True"
"css",".unlockFeatures__wrapper","True"
"css",".username-text","True"
"css",".verif","True"
"css",".video","True"
"css",".vote-answer-button","True"
"css",".vote-bar","True"
"css",".voted-answers-tally","True"
"css",".vote-distribution-bar","True"
"css",".voting-distibution-template","True"
"css",".voting-summary","True"
"css",".webgl","True"
"css",".websockets","True"
"css",".webworkers","True"
"css",".welcome-message","True"
"css",".white-text","True"
"css",".widget-text","True"
"css",".wrap","True"
"css",".x","True"
"js","applyCursorState","True"
"js","autoCompleteQuery","False"
"js","autoresize","True"
"js","beginCheckoutEvent","True"
"js","caClickEvent","False"
"js","coursesClick","True"
"js","delayedStart","False"
"js","examtopicsLogin","True"
"js","fmt","True"
"js","getHTTPObject","True"
"js","getIP","False"
"js","gtag","True"
"js","keyFor","True"
"js","loadDiscussionIntoModal","True"
"js","loadNote","True"
"js","loadStyleSheet","True"
"js","loadTabs","True"
"js","moderate_comment","True"
"js","monthPdf","True"
"js","paint","True"
"js","pause","True"
"js","renderTabs","True"
"js","reset","True"
"js","resetDiscussionModal","True"
"js","saveTabs","True"
"js","sDel","True"
"js","setStatus","True"
"js","sGet","True"
"js","sSet","True"
"js","start","True"
"js","to","False"
"js","updateBookmarkHighlight","True"
"js","updateScale","True"
"js","validateUserPass","True"
"js","yearPdf","True"
